{
    "curve60": [
        [
            332.4768671323958,
            0.0,
            69.97299895387974
        ],
        [
            406.53333925984464,
            0.0,
            36.12624493622689
        ]
    ],
    "curve48": [
        [
            216.67154239346496,
            0.0,
            339.52348816994163
        ],
        [
            499.0790392399396,
            0.0,
            128.67194491632202
        ]
    ],
    "curve49": [
        [
            286.3193372238434,
            0.0,
            254.61042323974914
        ],
        [
            386.5445004008659,
            0.0,
            380.26209386744654
        ]
    ],
    "curve42": [
        [
            498.00700036167177,
            0.0,
            442.30678522051824
        ],
        [
            18.09471332783565,
            0.0,
            513.1659355552733
        ]
    ],
    "curve43": [
        [
            14.070068775741664,
            0.0,
            479.3081946485825
        ],
        [
            96.02050529636351,
            0.0,
            501.22786616253
        ]
    ],
    "curve40": [
        [
            72.95729456039462,
            0.0,
            320.6701953037025
        ],
        [
            54.46288520576389,
            0.0,
            363.66300084760445
        ]
    ],
    "curve41": [
        [
            54.47804758298857,
            0.0,
            363.3754727008941
        ],
        [
            87.87082592632163,
            0.0,
            550.375031423559
        ]
    ],
    "curve46": [
        [
            258.65103516794113,
            0.0,
            51.39151503603657
        ],
        [
            326.3906712358449,
            0.0,
            537.0179200862258
        ]
    ],
    "curve47": [
        [
            264.9599912974576,
            0.0,
            97.18732533546333
        ],
        [
            496.6100946520209,
            0.0,
            405.8045403804322
        ]
    ],
    "curve44": [
        [
            104.09017540736951,
            0.0,
            53.299673798512785
        ],
        [
            167.05941456908332,
            0.0,
            541.7883169924162
        ]
    ],
    "curve45": [
        [
            179.46244652517848,
            0.0,
            81.22842514623575
        ],
        [
            246.248003211845,
            0.0,
            542.7423963736543
        ]
    ],
    "curve59": [
        [
            332.33848303460843,
            0.0,
            69.91910624509478
        ],
        [
            32.53422181451219,
            0.0,
            92.41692842927438
        ]
    ],
    "curve58": [
        [
            1.6324787648730028,
            0.0,
            291.9383920767289
        ],
        [
            -16.123826628630468,
            0.0,
            250.79410571479778
        ]
    ],
    "curve55": [
        [
            26.80974552708373,
            0.0,
            47.57519751108415
        ],
        [
            65.92700015784544,
            0.0,
            306.1307098266072
        ]
    ],
    "curve54": [
        [
            403.6711011161348,
            0.0,
            37.0803243174655
        ],
        [
            501.94127738365404,
            0.0,
            167.7891995470838
        ]
    ],
    "curve57": [
        [
            494.30864233374757,
            0.0,
            417.75799743146337
        ],
        [
            498.1249598587015,
            0.0,
            442.18882572350594
        ]
    ],
    "curve56": [
        [
            65.92700015784447,
            0.0,
            306.1307098266035
        ],
        [
            72.83688811797444,
            0.0,
            320.70729142563096
        ]
    ],
    "curve51": [
        [
            459.9617846091788,
            0.0,
            409.6201820163075
        ],
        [
            481.905610377654,
            0.0,
            546.5587138986067
        ]
    ],
    "curve50": [
        [
            386.4976722538452,
            0.0,
            380.21526572042586
        ],
        [
            407.4874186410827,
            0.0,
            541.7883169924162
        ]
    ],
    "curve53": [
        [
            321.6202743296627,
            0.0,
            56.16191194222856
        ],
        [
            499.0790392399396,
            0.0,
            288.00320158308347
        ]
    ],
    "curve52": [
        [
            318.75803618594125,
            0.0,
            112.45259543527479
        ],
        [
            395.08438668498746,
            0.0,
            207.86053355908365
        ]
    ],
    "curve39": [
        [
            20.223990570921778,
            0.0,
            308.4100714390995
        ],
        [
            54.45826406311725,
            0.0,
            363.45038523174736
        ]
    ],
    "curve38": [
        [
            22.03934862089568,
            0.0,
            544.6505551361922
        ],
        [
            -7.537112197487659,
            0.0,
            302.31439230165483
        ]
    ],
    "curve37": [
        [
            -15.169747247392738,
            0.0,
            300.4062335391858
        ],
        [
            502.8953567648921,
            0.0,
            419.66615619394037
        ]
    ],
    "curve36": [
        [
            -15.169747247392738,
            0.0,
            288.0032015830906
        ],
        [
            502.8953567648921,
            0.0,
            407.26312423784515
        ]
    ]
}